id,scenario,question,expected_shop_ids,expected_facts,snapshot_at,vector_top3,hybrid_top3,vector_hit_at_1,vector_hit_at_3,hybrid_hit_at_1,hybrid_hit_at_3,no_result_review,notes
1,shop-name,103茶餐厅有什么优惠？,1,店铺1；当前有效100元代金券实付80元；还有50元代金券实付47.5元,2026-07-23T15:50:00+08:00,1|4|3,1,true,true,true,true,,
2,shop-name,103茶餐厅营业到几点？,1,店铺1；营业时间10:00-22:00,2026-07-23T15:50:00+08:00,1|3|9,1,true,true,true,true,,
3,shop-name,开乐迪KTV（运河上街店）人均多少钱？,10,店铺10；KTV；运河上街；人均67元；24小时营业,2026-07-23T15:50:00+08:00,10|12|13,10,true,true,true,true,,
4,shop-name,Mamala（杭州远洋乐堤港店）评分和人均是多少？,4,店铺4；评分4.9；人均290元；拱宸桥/上塘,2026-07-23T15:50:00+08:00,4|1|12,4,true,true,true,true,,
5,shop-name,海底捞火锅（水晶城购物中心店）在哪里？,5,店铺5；大关；水晶城购物中心附近,2026-07-23T15:50:00+08:00,5|11|1,5,true,true,true,true,,
6,shop-name,浅草屋寿司（运河上街店）几点关门？,8,店铺8；运河上街；营业至24:00,2026-07-23T15:50:00+08:00,8|3|1,8,true,true,true,true,,
7,category-area,运河上街附近有哪些KTV？,10,店铺10；开乐迪KTV；运河上街,2026-07-23T15:50:00+08:00,10|14|13,10|11|13,true,true,true,true,,
8,category-area,运河上街有什么适合吃饭的餐厅？,3|8|9,店铺3新白鹿、8浅草屋寿司、9羊老三均在运河上街,2026-07-23T15:50:00,3|10|9,3|8|9,true,true,true,true,,
9,category-area,远洋乐堤港附近的KTV有哪些？,12,店铺12；魅KTV；杭州远洋乐堤港,2026-07-23T15:50:00,12|10|13,12|10|11,true,true,true,true,,
10,category-area,北部新城有什么餐厅？,7,店铺7；炉鱼；北部新城,2026-07-23T15:50:00,1|3|4,7|1|3,false,false,true,true,,
11,category-area,大关附近有什么火锅？,5,店铺5；海底捞火锅；大关,2026-07-23T15:50:00,5|9|1,5|1|9,true,true,true,true,,
12,category-area,水晶城附近有什么KTV？,11,店铺11；INLOVE KTV；水晶城,2026-07-23T15:50:00,11|12|13,11|10|13,true,true,true,true,,
13,voucher,103茶餐厅现在有什么可用代金券？,1,店铺1；100元券实付80元；有效期至2026-10-26,2026-07-23T15:50:00,1|4|13,1,true,true,true,true,,
14,voucher,103茶餐厅的100元代金券现在还能用吗？,1,店铺1；当前有效100元代金券结束时间2026-10-26,2026-07-23T15:50:00,1|10|4,1,true,true,true,true,,
15,voucher,103茶餐厅的50元券能用吗？,1,店铺1；50元代金券实付47.5元；规则为全场通用、无需预约、仅限堂食,2026-07-23T15:50:00,1|4|2,1,true,true,true,true,,
16,voucher,103茶餐厅有哪些已过期秒杀券？,1,店铺1；历史秒杀券10、11、12均在2026-05-27前结束,2026-07-23T15:50:00,1|4|10,1,true,true,true,true,,
17,voucher,103茶餐厅的100元券有效期到什么时候？,1,店铺1；当前有效券结束时间2026-10-26,2026-07-23T15:50:00,1|2|3,1,true,true,true,true,,
18,voucher,103茶餐厅有没有无需预约的优惠券？,1,店铺1；50元券规则包含无需预约,2026-07-23T15:50:00,1|3|4,1,true,true,true,true,,
19,blog,103茶餐厅有探店笔记吗？,1,店铺1存在博客5、42、46、47等公开笔记,2026-07-23T15:50:00,1|4|3,1,true,true,true,true,,
20,blog,Mamala有探店笔记吗？,4,店铺4存在博客4、43,2026-07-23T15:50:00,4|1|3,4,true,true,true,true,,
21,blog,海底捞水晶城店有探店笔记吗？,5,店铺5存在博客44,2026-07-23T15:50:00,5|11|1,5,true,true,true,true,,
22,blog,开乐迪KTV有公开笔记吗？,10,店铺10存在博客6、7、48,2026-07-23T15:50:00,10|12|13,10,true,true,true,true,,
23,no-result,不存在的火星餐厅有什么优惠？,,当前14家店铺中不存在火星餐厅,2026-07-23T15:50:00,4|1|9,,,,,,pass,人工端到端验证：空召回后直接拒答，未生成无关店铺事实
24,no-result,西湖银泰的午夜KTV有什么优惠？,,当前数据中没有西湖银泰或午夜KTV,2026-07-23T15:50:00,12|10|14,,,,,,pass,人工端到端验证：空召回后直接拒答，未生成无关店铺事实
25,no-result,猫咪咖啡馆在运河上街吗？,,当前数据中没有猫咪咖啡馆,2026-07-23T15:50:00,10|4|3,,,,,,pass,人工端到端验证：空召回后直接拒答，未生成无关店铺事实
26,no-result,人均30的米其林三星法餐在哪里？,,当前数据中没有米其林三星法餐,2026-07-23T15:50:00,4|1|3,,,,,,pass,人工端到端验证：空召回后直接拒答，未生成无关店铺事实
27,recommend,推荐适合朋友聚餐、人均200的餐厅。,1|2|3|5|6|7|8|9,可返回人均不高于200的餐厅并说明人均、评分、商圈,2026-07-23T15:50:00,4|1|3,1|3|7,false,true,true,true,,
28,recommend,运河上街两个人吃饭，人均100推荐哪家？,3|8|9,店铺3人均61、8人均88、9人均101且均位于运河上街,2026-07-23T15:50:00,3|4|9,3|8|10,true,true,true,true,,
29,recommend,朋友夜宵想吃火锅，人均130推荐哪家？,5|6|9,店铺5海底捞人均104、6涮锅人均130、9羊蝎子火锅人均101,2026-07-23T15:50:00,9|1|6,5|9|1,true,true,true,true,,
30,recommend,周末唱K人均80推荐哪家？,10|11|12|13|14,店铺10、11、12、13、14均为KTV且人均不高于88元,2026-07-23T15:50:00,12|10|13,10|11|13,true,true,true,true,,
31,shop-name,炉鱼（拱墅万达广场店）人均多少钱？,7,店铺7；炉鱼；北部新城；人均85元,2026-07-23T15:50:00,7|4|14,7,true,true,true,true,,
32,shop-name,INLOVE KTV在水晶城吗？,11,店铺11；INLOVE KTV；水晶城；人均75元,2026-07-23T15:50:00,11|13|12,11,true,true,true,true,,
33,shop-name,星聚会KTV在哪个商圈？,14,店铺14；星聚会KTV；北部新城；人均60元,2026-07-23T15:50:00,14|13|12,14,true,true,true,true,,
34,shop-name,蔡馬洪涛烤肉晚上营业到几点？,2,店铺2；蔡馬洪涛烤肉；营业至03:00；拱宸桥/上塘,2026-07-23T15:50:00,2|4|1,2,true,true,true,true,,
35,category-area,北部新城附近可以唱歌的地方有哪些？,14,店铺14；星聚会KTV；北部新城；人均60元,2026-07-23T15:50:00,13|14|12,14|10|11,false,true,true,true,,
36,category-area,水晶城晚上的KTV推荐？,11,店铺11；INLOVE KTV；水晶城；营业至06:00,2026-07-23T15:50:00,11|12|13,11|10|13,true,true,true,true,,
37,category-area,运河上街的寿司店有哪些？,8,店铺8；浅草屋寿司；运河上街；人均88元,2026-07-23T15:50:00,8|3|9,3|8|9,true,true,false,true,,
38,category-area,拱宸桥上塘附近有什么烤肉？,2,店铺2；蔡馬洪涛烤肉；拱宸桥/上塘；人均85元,2026-07-23T15:50:00,2|6|7,2|4|6,true,true,true,true,,
39,budget,人均不超过90元的餐厅有哪些？,1|2|3|7|8,可返回人均不高于90元的美食店铺；不应返回人均290元的店铺,2026-07-23T15:50:00,1|4|3,1|3|2,true,true,true,true,,
40,budget,预算100元以内在北部新城吃饭推荐哪家？,7,店铺7；北部新城；人均85元；美食,2026-07-23T15:50:00,1|3|13,7|1|2,false,false,true,true,,
41,budget,水晶城人均不超过80元的KTV有哪些？,11,店铺11；水晶城；KTV；人均75元,2026-07-23T15:50:00,11|12|13,11|10|13,true,true,true,true,,
42,budget,两个人在运河上街吃饭预算90元以内。,3|8,店铺3人均61元、店铺8人均88元；均在运河上街,2026-07-23T15:50:00,3|8|9,3|8|10,true,true,true,true,,
43,voucher,103茶餐厅的代金券需要预约吗？,1,店铺1；50元代金券规则包含无需预约,2026-07-23T15:50:00,1|13|10,1,true,true,true,true,,
44,voucher,103茶餐厅的优惠券可以提现吗？,1,店铺1；优惠券规则包含不兑现和不找零,2026-07-23T15:50:00,1|4|3,1,true,true,true,true,,
45,blog,海底捞火锅有公开探店笔记吗？,5,店铺5；存在公开探店笔记；博客44,2026-07-23T15:50:00,5|1|4,5,true,true,true,true,,
46,no-result,不存在的银河餐厅营业到几点？,,当前14家店铺中不存在银河餐厅,2026-07-23T15:50:00,1|4|3,,,,,,pass,混合检索空召回；聊天层 directResponse 分支返回未找到资料且不注入无关店铺
47,no-result,北部新城的深夜KTV有什么优惠？,,当前数据中没有北部新城的深夜KTV,2026-07-23T15:50:00,13|12|14,,,,,,pass,混合检索空召回；聊天层 directResponse 分支返回未找到资料且不注入无关店铺
48,no-result,月球咖啡馆有探店笔记吗？,,当前数据中没有月球咖啡馆,2026-07-23T15:50:00,4|1|10,,,,,,pass,混合检索空召回；聊天层 directResponse 分支返回未找到资料且不注入无关店铺
49,recommend,北部新城朋友聚餐人均100推荐餐厅。,7,店铺7；北部新城；人均85元；适合作为预算内餐饮候选,2026-07-23T15:50:00,1|3|4,7|1|3,false,false,true,true,,
50,recommend,水晶城两个人唱K预算80元推荐哪家？,11,店铺11；水晶城；KTV；人均75元,2026-07-23T15:50:00,11|12|13,11|10|13,true,true,true,true,,
